sku;super_products_sku;configurable_attributes;ed_search;attribute_set_code;type;name;meta_title;meta_description;description;short_description;categories;ed_type;image;small_image;thumbnail
115_1100_3030_1; 132197, 132482, 133097, 132261, 133127, 352707, 132480, 132887, 352708;ed_color,ed_size; 132197, 132482, 133097, 132261, 133127, 352707, 132480, 132887, 352708;default;configurable;lantern;lantern;lantern;lantern;lantern;shop/home accessories/room accents;lantern; 13219701.jpg; 13219701.jpg; 13219701.jpg
115_1600_3220_1;1034227;ed_color,ed_size;1034227;default;configurable;lantern;lantern;lantern;lantern;lantern;shop/christmas lighting/decorations lighting;lantern; 103422701.jpg; 103422701.jpg; 103422701.jpg
125_1300_3140_1;1033152;ed_color,ed_size;1033152;default;configurable;basket;basket;basket;basket;basket;shop/spring & outdoor decoration/outdoor decorations;basket; 103315201.jpg; 103315201.jpg; 103315201.jpg
126_1100_3030_1; 348952, 348961, 120673, 120503, 348970, 126755, 120065, 120184, 348968, 121265, 348954, 348953, 348969, 348966, 348965, 348960, 349227, 348964, 348963, 120628, 120631, 348971;ed_color,ed_size; 348952, 348961, 120673, 120503, 348970, 126755, 120065, 120184, 348968, 121265, 348954, 348953, 348969, 348966, 348965, 348960, 349227, 348964, 348963, 120628, 120631, 348971;default;configurable;marbles;marbles;marbles;marbles;marbles;shop/home accessories/room accents;marbles; 34895201.jpg; 34895201.jpg; 34895201.jpg
151_1000_3000_1; 1041427, 1038421, 1041471, 1041472, 1038410, 1041470, 1038436, 1022521, 1038444, 1038419, 1038420, 1038440, 1041461, 1038417, 1022513, 1022511, 1038418;ed_color,ed_size; 1041427, 1038421, 1041471, 1041472, 1038410, 1041470, 1038436, 1022521, 1038444, 1038419, 1038420, 1038440, 1041461, 1038417, 1022513, 1022511, 1038418;default;configurable;pot;pot;pot;pot;pot;shop/pottery & glassware/indoor pottery;pot; 104142701.jpg; 104142701.jpg; 104142701.jpg
151_1000_3000_2;1038445;ed_color,ed_size;1038445;default;configurable;pot;pot;pot;pot;pot;shop/pottery & glassware/indoor pottery;pot; 103844501.jpg; 103844501.jpg; 103844501.jpg
163_1000_3000_1; 1027479, 1027480;ed_color,ed_size; 1027479, 1027480;default;configurable;bowl;bowl;bowl;bowl;bowl;shop/pottery & glassware/indoor pottery;bowl; 102747901.jpg; 102747901.jpg; 102747901.jpg
163_1100_3050_1;1034832;ed_color,ed_size;1034832;default;configurable;bowl;bowl;bowl;bowl;bowl;shop/home accessories/small furniture;bowl; 103483201.jpg; 103483201.jpg; 103483201.jpg
166_1400_3190_1; 011955, 011957, 011958, 011951;ed_color,ed_size; 011955, 011957, 011958, 011951;default;configurable;snow;snow;snow;snow;snow;shop/christmas decoration/christmas accessories;snow; 01195501.jpg; 01195501.jpg; 01195501.jpg
171_1100_3030_1; 1033151, 348980;ed_color,ed_size; 1033151, 348980;default;configurable;mirror;mirror;mirror;mirror;mirror;shop/home accessories/room accents;mirror; 103315101.jpg; 103315101.jpg; 103315101.jpg
173_1100_3030_1; 349125, 349120, 349121;ed_color,ed_size; 349125, 349120, 349121;default;configurable;stones;stones;stones;stones;stones;shop/home accessories/room accents;stones; 34912501.jpg; 34912501.jpg; 34912501.jpg
173_1100_3030_2; 349122, 349124;ed_color,ed_size; 349122, 349124;default;configurable;stones;stones;stones;stones;stones;shop/home accessories/room accents;stones; 34912201.jpg; 34912201.jpg; 34912201.jpg
180_1000_3000_1; 1041320, 1021267, 1021263, 1041332, 1021270, 1021262, 1021259, 1041324, 1041330, 1041327, 1021273;ed_color,ed_size; 1041320, 1021267, 1021263, 1041332, 1021270, 1021262, 1021259, 1041324, 1041330, 1041327, 1021273;default;configurable;vase;vase;vase;vase;vase;shop/pottery & glassware/indoor pottery;vase; 104132001.jpg; 104132001.jpg; 104132001.jpg
186_1400_3190_1; 177427, 1020537, 1020349;ed_color,ed_size; 177427, 1020537, 1020349;default;configurable;wax holder;wax holder;wax holder;wax holder;wax holder;shop/christmas decoration/christmas accessories;wax holder; 17742701.jpg; 17742701.jpg; 17742701.jpg
196_1600_3220_1; 372368, 372370, 372371;ed_color,ed_size; 372368, 372370, 372371;default;configurable;candle;candle;candle;candle;candle;shop/christmas lighting/decorations lighting;candle; 37236801.jpg; 37236801.jpg; 37236801.jpg
196_1600_3220_2;372369;ed_color,ed_size;372369;default;configurable;candle;candle;candle;candle;candle;shop/christmas lighting/decorations lighting;candle; 37236901.jpg; 37236901.jpg; 37236901.jpg
200_1600_3220_1; 1021479, 1037264, 1021447, 1037261, 1021444, 1037254, 1021459;ed_color,ed_size; 1021479, 1037264, 1021447, 1037261, 1021444, 1037254, 1021459;default;configurable;uk plug;uk plug;uk plug;uk plug;uk plug;shop/christmas lighting/decorations lighting;uk plug; 102147901.jpg; 102147901.jpg; 102147901.jpg
200_1600_3220_2;1021445;ed_color,ed_size;1021445;default;configurable;uk plug;uk plug;uk plug;uk plug;uk plug;shop/christmas lighting/decorations lighting;uk plug; 102144501.jpg; 102144501.jpg; 102144501.jpg
200_1600_3240_1; 1037046, 1037043, 1021427, 1021450, 1037053, 1037073;ed_color,ed_size; 1037046, 1037043, 1021427, 1021450, 1037053, 1037073;default;configurable;uk plug;uk plug;uk plug;uk plug;uk plug;shop/christmas lighting/string lighting;uk plug; 103704601.jpg; 103704601.jpg; 103704601.jpg
200_1600_3240_2;1037135;ed_color,ed_size;1037135;default;configurable;uk plug;uk plug;uk plug;uk plug;uk plug;shop/christmas lighting/string lighting;uk plug; 103713501.jpg; 103713501.jpg; 103713501.jpg
202_1300_3140_1;1042288;ed_color,ed_size;1042288;default;configurable;pot;pot;pot;pot;pot;shop/spring & outdoor decoration/outdoor decorations;pot; 104228801.jpg; 104228801.jpg; 104228801.jpg
208_1100_3070_1;1024068;ed_color,ed_size;1024068;default;configurable;table deco;table deco;table deco;table deco;table deco;shop/home accessories/tableware;table deco; 102406801.jpg; 102406801.jpg; 102406801.jpg
210_1400_3190_1; 147245, 048286, 147046, 147047;ed_color,ed_size; 147245, 048286, 147046, 147047;default;configurable;storage pot;storage pot;storage pot;storage pot;storage pot;shop/christmas decoration/christmas accessories;storage pot; 14724501.jpg; 14724501.jpg; 14724501.jpg
218_1400_3190_1;1020513;ed_color,ed_size;1020513;default;configurable;christmas tree;christmas tree;christmas tree;christmas tree;christmas tree;shop/christmas decoration/christmas accessories;christmas tree; 102051301.jpg; 102051301.jpg; 102051301.jpg
218_1600_3220_1;1012659;ed_color,ed_size;1012659;default;configurable;christmas tree;christmas tree;christmas tree;christmas tree;christmas tree;shop/christmas lighting/decorations lighting;christmas tree; 101265901.jpg; 101265901.jpg; 101265901.jpg
219_1600_3220_1;1034960;ed_color,ed_size;1034960;default;configurable;christmas tree b-o;christmas tree b-o;christmas tree b-o;christmas tree b-o;christmas tree b-o;shop/christmas lighting/decorations lighting;christmas tree b-o; 103496001.jpg; 103496001.jpg; 103496001.jpg
22_1600_3220_1; 1043376, 1043377;ed_color,ed_size; 1043376, 1043377;default;configurable;cactus;cactus;cactus;cactus;cactus;shop/christmas lighting/decorations lighting;cactus; 104337601.jpg; 104337601.jpg; 104337601.jpg
239_1400_3190_1; 011324, 011325, 011326;ed_color,ed_size; 011324, 011325, 011326;default;configurable;christmas tree standard;christmas tree standard;christmas tree standard;christmas tree standard;christmas tree standard;shop/christmas decoration/christmas accessories;christmas tree standard; 01132401.jpg; 01132401.jpg; 01132401.jpg
255_1500_3200_1;763855;ed_color,ed_size;763855;default;configurable;spare bulb;spare bulb;spare bulb;spare bulb;spare bulb;shop/artificial christmas trees & wreaths/artificial christmas trees;spare bulb; 76385501.jpg; 76385501.jpg; 76385501.jpg
268_1100_3030_1;138290;ed_color,ed_size;138290;default;configurable;tray;tray;tray;tray;tray;shop/home accessories/room accents;tray; 13829001.jpg; 13829001.jpg; 13829001.jpg
284_1100_3050_1; 1033126, 1033138, 1033141, 1033195, 1033117, 1033123;ed_color,ed_size; 1033126, 1033138, 1033141, 1033195, 1033117, 1033123;default;configurable;NULL;NULL;NULL;NULL;NULL;shop/home accessories/small furniture;NULL; 103312601.jpg; 103312601.jpg; 103312601.jpg
287_1100_3030_1; 1033212, 1033214, 1033216, 1033213, 1033209, 1033215;ed_color,ed_size; 1033212, 1033214, 1033216, 1033213, 1033209, 1033215;default;configurable;NULL;NULL;NULL;NULL;NULL;shop/home accessories/room accents;NULL; 103321201.jpg; 103321201.jpg; 103321201.jpg
287_1300_3140_1; 1042286, 1042280, 1042283, 1042853, 1042844, 1042832, 1042808, 1042810;ed_color,ed_size; 1042286, 1042280, 1042283, 1042853, 1042844, 1042832, 1042808, 1042810;default;configurable;NULL;NULL;NULL;NULL;NULL;shop/spring & outdoor decoration/outdoor decorations;NULL; 104228601.jpg; 104228601.jpg; 104228601.jpg
287_1300_3140_2;1042852;ed_color,ed_size;1042852;default;configurable;NULL;NULL;NULL;NULL;NULL;shop/spring & outdoor decoration/outdoor decorations;NULL; 104285201.jpg; 104285201.jpg; 104285201.jpg
287_1400_3190_1; 1033339, 1033324;ed_color,ed_size; 1033339, 1033324;default;configurable;NULL;NULL;NULL;NULL;NULL;shop/christmas decoration/christmas accessories;NULL; 103333901.jpg; 103333901.jpg; 103333901.jpg
290_1600_3220_1; 1023715, 1023716;ed_color,ed_size; 1023715, 1023716;default;configurable;NULL;NULL;NULL;NULL;NULL;shop/christmas lighting/decorations lighting;NULL; 102371501.jpg; 102371501.jpg; 102371501.jpg
301_1600_3220_1;1034088;ed_color,ed_size;1034088;default;configurable;tealight;tealight;tealight;tealight;tealight;shop/christmas lighting/decorations lighting;tealight; 103408801.jpg; 103408801.jpg; 103408801.jpg
311_1100_3070_1;1024065;ed_color,ed_size;1024065;default;configurable;NULL;NULL;NULL;NULL;NULL;shop/home accessories/tableware;NULL; 102406501.jpg; 102406501.jpg; 102406501.jpg
43_1000_3020_1; 220892, 124974, 220893, 220894, 220895, 124973;ed_color,ed_size; 220892, 124974, 220893, 220894, 220895, 124973;default;configurable;deco glass;deco glass;deco glass;deco glass;deco glass;shop/pottery & glassware/glassware;deco glass; 22089201.jpg; 22089201.jpg; 22089201.jpg
432_1400_3160_1; 1028695, 1028692, 1028554, 1028694, 1028616, 1028735, 1028736, 1028737, 1028720, 1028717, 1028724, 1028722, 1033975, 1028721, 1028671, 1028590, 1028670, 1028663, 1028659, 1028660, 1028661, 1028662, 1028664, 1028687, 1028689, 1028686, 1028702, 1028699, 1028700, 1028704, 1028701, 1028703, 1033954, 1028732, 1028733, 1028734, 1028603, 1028675, 1028562, 1028565, 1028610, 1028726, 1028727, 1028728, 1028714, 1028711, 1028712, 1028716, 1028713, 1028715, 1028708, 1028705, 1028706, 1028710, 1028707, 1028709, 1028729, 1028730, 1028731;ed_color,ed_size; 1028695, 1028692, 1028554, 1028694, 1028616, 1028735, 1028736, 1028737, 1028720, 1028717, 1028724, 1028722, 1033975, 1028721, 1028671, 1028590, 1028670, 1028663, 1028659, 1028660, 1028661, 1028662, 1028664, 1028687, 1028689, 1028686, 1028702, 1028699, 1028700, 1028704, 1028701, 1028703, 1033954, 1028732, 1028733, 1028734, 1028603, 1028675, 1028562, 1028565, 1028610, 1028726, 1028727, 1028728, 1028714, 1028711, 1028712, 1028716, 1028713, 1028715, 1028708, 1028705, 1028706, 1028710, 1028707, 1028709, 1028729, 1028730, 1028731;default;configurable;NULL;NULL;NULL;NULL;NULL;shop/christmas decoration/christmas ornaments;NULL; 102869501.jpg; 102869501.jpg; 102869501.jpg
432_1400_3160_2; 1033955, 1028642, 1030968, 1028723, 1028718, 1028648, 1028653, 1028673, 1028665, 1028685, 1028679, 1028677, 1036832;ed_color,ed_size; 1033955, 1028642, 1030968, 1028723, 1028718, 1028648, 1028653, 1028673, 1028665, 1028685, 1028679, 1028677, 1036832;default;configurable;NULL;NULL;NULL;NULL;NULL;shop/christmas decoration/christmas ornaments;NULL; 103395501.jpg; 103395501.jpg; 103395501.jpg
432_1400_3160_3; 1028693, 1033976, 1028719, 1028611, 1028666, 1039192, 1039194;ed_color,ed_size; 1028693, 1033976, 1028719, 1028611, 1028666, 1039192, 1039194;default;configurable;NULL;NULL;NULL;NULL;NULL;shop/christmas decoration/christmas ornaments;NULL; 102869301.jpg; 102869301.jpg; 102869301.jpg
432_1400_3160_4; 1028697, 1028725, 1028669;ed_color,ed_size; 1028697, 1028725, 1028669;default;configurable;NULL;NULL;NULL;NULL;NULL;shop/christmas decoration/christmas ornaments;NULL; 102869701.jpg; 102869701.jpg; 102869701.jpg
432_1400_3160_5; 1028612, 1039193;ed_color,ed_size; 1028612, 1039193;default;configurable;NULL;NULL;NULL;NULL;NULL;shop/christmas decoration/christmas ornaments;NULL; 102861201.jpg; 102861201.jpg; 102861201.jpg
432_1400_3160_6;1039195;ed_color,ed_size;1039195;default;configurable;NULL;NULL;NULL;NULL;NULL;shop/christmas decoration/christmas ornaments;NULL; 103919501.jpg; 103919501.jpg; 103919501.jpg
433_1400_3160_1; 1015310, 1028477, 1025929, 1028456, 1028452, 1025919, 1031709, 1028480, 1036785, 1028448, 1025923, 1025924, 1036782, 1028476;ed_color,ed_size; 1015310, 1028477, 1025929, 1028456, 1028452, 1025919, 1031709, 1028480, 1036785, 1028448, 1025923, 1025924, 1036782, 1028476;default;configurable;NULL;NULL;NULL;NULL;NULL;shop/christmas decoration/christmas ornaments;NULL; 101531001.jpg; 101531001.jpg; 101531001.jpg
433_1400_3160_2;1025936;ed_color,ed_size;1025936;default;configurable;NULL;NULL;NULL;NULL;NULL;shop/christmas decoration/christmas ornaments;NULL; 102593601.jpg; 102593601.jpg; 102593601.jpg
45_1100_3030_1;121277;ed_color,ed_size;121277;default;configurable;decoball;decoball;decoball;decoball;decoball;shop/home accessories/room accents;decoball; 12127701.jpg; 12127701.jpg; 12127701.jpg
45_1300_3130_1; 1044456, 1044455;ed_color,ed_size; 1044456, 1044455;default;configurable;decoball;decoball;decoball;decoball;decoball;shop/spring & outdoor decoration/spring summer accessories;decoball; 104445601.jpg; 104445601.jpg; 104445601.jpg
464_1300_3120_1; 1043442, 1043446, 1043443, 1043406, 1043407, 1043405, 1043404, 1043408, 1044485, 1044459, 1044494, 1043450, 1043447;ed_color,ed_size; 1043442, 1043446, 1043443, 1043406, 1043407, 1043405, 1043404, 1043408, 1044485, 1044459, 1044494, 1043450, 1043447;default;configurable;gardenstick;gardenstick;gardenstick;gardenstick;gardenstick;shop/spring & outdoor decoration/spring summer figurines;gardenstick; 104344201.jpg; 104344201.jpg; 104344201.jpg
464_1300_3130_1; 1042863, 1042864, 1042865;ed_color,ed_size; 1042863, 1042864, 1042865;default;configurable;gardenstick;gardenstick;gardenstick;gardenstick;gardenstick;shop/spring & outdoor decoration/spring summer accessories;gardenstick; 104286301.jpg; 104286301.jpg; 104286301.jpg
464_1300_3140_1; 1042872, 1042877;ed_color,ed_size; 1042872, 1042877;default;configurable;gardenstick;gardenstick;gardenstick;gardenstick;gardenstick;shop/spring & outdoor decoration/outdoor decorations;gardenstick; 104287201.jpg; 104287201.jpg; 104287201.jpg
464_1400_3190_1; 1033363, 1033344, 1036755, 1036762, 1036756;ed_color,ed_size; 1033363, 1033344, 1036755, 1036762, 1036756;default;configurable;gardenstick;gardenstick;gardenstick;gardenstick;gardenstick;shop/christmas decoration/christmas accessories;gardenstick; 103336301.jpg; 103336301.jpg; 103336301.jpg
464_1600_3220_1;1034224;ed_color,ed_size;1034224;default;configurable;gardenstick;gardenstick;gardenstick;gardenstick;gardenstick;shop/christmas lighting/decorations lighting;gardenstick; 103422401.jpg; 103422401.jpg; 103422401.jpg
47_1100_3030_1; 348928, 348937, 120671, 120501, 348946, 120063, 120182, 348944, 121263, 348930, 348929, 348945, 348942, 348941, 348936, 349225, 348940, 348939, 120626, 120629, 348947;ed_color,ed_size; 348928, 348937, 120671, 120501, 348946, 120063, 120182, 348944, 121263, 348930, 348929, 348945, 348942, 348941, 348936, 349225, 348940, 348939, 120626, 120629, 348947;default;configurable;deco sand;deco sand;deco sand;deco sand;deco sand;shop/home accessories/room accents;deco sand; 34892801.jpg; 34892801.jpg; 34892801.jpg
472_1000_3000_1; 1001820, 1041336, 1041339, 1041337, 1021911, 1041325, 1021228;ed_color,ed_size; 1001820, 1041336, 1041339, 1041337, 1021911, 1041325, 1021228;default;configurable;jug;jug;jug;jug;jug;shop/pottery & glassware/indoor pottery;jug; 100182001.jpg; 100182001.jpg; 100182001.jpg
476_1300_3140_1; 158139-01, 158140-01, 1011709-01, 1011710-01, 158143-01, 158144-01, 1010866, 1042236, 1042239, 1011706, 1011705, 1042238, 1044962, 1013471, 1011697, 1011698, 1011701, 1011699, 1011700, 1011702, 1011703;ed_color,ed_size; 158139-01, 158140-01, 1011709-01, 1011710-01, 158143-01, 158144-01, 1010866, 1042236, 1042239, 1011706, 1011705, 1042238, 1044962, 1013471, 1011697, 1011698, 1011701, 1011699, 1011700, 1011702, 1011703;default;configurable;plant support;plant support;plant support;plant support;plant support;shop/spring & outdoor decoration/outdoor decorations;plant support; 158139-0101.jpg; 158139-0101.jpg; 158139-0101.jpg
479_1600_3240_1;1012919;ed_color,ed_size;1012919;default;configurable;pdq;pdq;pdq;pdq;pdq;shop/christmas lighting/string lighting;pdq; 101291901.jpg; 101291901.jpg; 101291901.jpg
483_1600_3220_1;372687;ed_color,ed_size;372687;default;configurable;hanging basket;hanging basket;hanging basket;hanging basket;hanging basket;shop/christmas lighting/decorations lighting;hanging basket; 37268701.jpg; 37268701.jpg; 37268701.jpg
490_1300_3130_1; 1044442, 1044443;ed_color,ed_size; 1044442, 1044443;default;configurable;birdcage;birdcage;birdcage;birdcage;birdcage;shop/spring & outdoor decoration/spring summer accessories;birdcage; 104444201.jpg; 104444201.jpg; 104444201.jpg
500_1000_3000_1; 1025706, 1025703, 1023730, 1038504, 1024726, 1038505, 1024711, 1025707, 1025313, 1039327, 1039380, 1025704, 1023729, 1039328, 1032362, 1032355, 1032357, 1032356, 1039318, 1044082, 1039315, 1023731, 1039326, 1025708, 1039320, 1040771, 1040772, 1025705, 1032432, 1040769, 1040770, 1039317, 1039324;ed_color,ed_size; 1025706, 1025703, 1023730, 1038504, 1024726, 1038505, 1024711, 1025707, 1025313, 1039327, 1039380, 1025704, 1023729, 1039328, 1032362, 1032355, 1032357, 1032356, 1039318, 1044082, 1039315, 1023731, 1039326, 1025708, 1039320, 1040771, 1040772, 1025705, 1032432, 1040769, 1040770, 1039317, 1039324;default;configurable;to be determined;to be determined;to be determined;to be determined;to be determined;shop/pottery & glassware/indoor pottery;to be determined; 102570601.jpg; 102570601.jpg; 102570601.jpg
500_1000_3000_2; 1039329, 1039325, 1039319;ed_color,ed_size; 1039329, 1039325, 1039319;default;configurable;to be determined;to be determined;to be determined;to be determined;to be determined;shop/pottery & glassware/indoor pottery;to be determined; 103932901.jpg; 103932901.jpg; 103932901.jpg
500_1000_3010_1; 1000850, 1024399;ed_color,ed_size; 1000850, 1024399;default;configurable;to be determined;to be determined;to be determined;to be determined;to be determined;shop/pottery & glassware/outdoor pottery;to be determined; 100085001.jpg; 100085001.jpg; 100085001.jpg
500_1000_3020_1; 1032670, 1025156, 1025157, 1032671, 1020062, 1032664, 019190, 019191, 019192, 019193, 019194, 1024768, 1024969, 1004617, 1039868, 1032616, 1039869, 1032617, 1004618, 1032618, 1024488, 1024771, 1024770, 1019855, 1018437, 1018438, 1024970, 1016748, 1016749, 122680, 1020063, 1024433, 1025158, 1025159, 1024435, 1032674, 1024363, 1032669;ed_color,ed_size; 1032670, 1025156, 1025157, 1032671, 1020062, 1032664, 019190, 019191, 019192, 019193, 019194, 1024768, 1024969, 1004617, 1039868, 1032616, 1039869, 1032617, 1004618, 1032618, 1024488, 1024771, 1024770, 1019855, 1018437, 1018438, 1024970, 1016748, 1016749, 122680, 1020063, 1024433, 1025158, 1025159, 1024435, 1032674, 1024363, 1032669;default;configurable;to be determined;to be determined;to be determined;to be determined;to be determined;shop/pottery & glassware/glassware;to be determined; 103267001.jpg; 103267001.jpg; 103267001.jpg
500_1000_3020_2; 1024461, 1019856;ed_color,ed_size; 1024461, 1019856;default;configurable;to be determined;to be determined;to be determined;to be determined;to be determined;shop/pottery & glassware/glassware;to be determined; 102446101.jpg; 102446101.jpg; 102446101.jpg
500_1100_3030_1; 1011430, 1004184-01, 1030704, 1030702, 1010406, 1004466, 1030487, 1023230, 1000789, 1002946, 1000827, 1000780, 1023184, 1044070, 1044071, 1044072, 1024930, 1010634, 1010640, 1010635, 1010641, 1029724, 1029721, 1039545, 1030686, 1003062, 1003075, 1003077, 1029825, 1019591, 1019594, 1001152, 1030513, 1019597, 1034613, 1044048, 1019600, 1023233, 1000792, 1000824, 1030627, 1000783, 1025724, 1025725, 1034621, 1001177, 1001170, 1009928, 1039290, 1039291, 229222, 1009930, 1009929, 1010695, 1030459, 1043998, 1030463, 1030456, 1039500, 1029834, 1000893, 1038122, 1000895, 1029836, 1038123, 1038124, 1010658, 1010664, 1010663, 1010661, 1039346, 1010614, 1040815, 126765, 1022824, 1039824, 1034606, 1039338, 1029665, 1029626, 1035153, 1044066, 1040806, 1035152, 1029632, 1008948, 1044065, 1029646, 1008949, 1029661, 1030624, 1038040, 1019933, 1019932, 1044034, 1044036, 1044035, 1044029, 1044037, 1040947, 1039548, 1039547, 1044132, 1030625, 1044135, 1029725, 1000748, 1000749, 1023181, 1000740, 1029722, 1023176, 1023236, 1010694, 1023237, 1019589, 1019592, 1032575, 1032576, 1029645, 1029662, 1029660, 1039110, 1019595, 1019598, 1039109, 1044030, 1032522, 1039532, 1040948, 1039115, 1039113, 1039114, 1010366, 1030623, 1040952, 1040955, 1038100, 1038101, 1038102, 1002947, 100133, 100138, 1032621, 1032619, 1032620, 1004622, 1032652, 1004623, 122815, 1032653, 1009948, 1032654, 1043711, 1019590, 1019593, 1016734, 1019917, 1011428, 1008950, 1019918, 1016541, 1016542, 1010361, 1010362, 1016544, 1040780, 1019596, 1043826, 1000924, 1000925, 1010691, 1019599, 1000786, 1010596, 1044028, 1025728, 1025726, 1010595, 1044027, 1010594, 1010626, 1010652, 1010651, 1010629, 1010646, 1010648, 1010647, 1010654, 1010632, 1010631, 1010657, 1025727, 1029627, 1029631, 1029629, 1001178, 1030622, 1039292, 1039293, 1034609, 188451, 1022823, 1001190, 1001192, 1001191, 1001189, 1034612, 1040834, 1030523, 1030520, 1038128, 1038129, 1034607, 1035538, 1032589, 189577, 010156, 1035592, 1032624, 1032622, 1032623, 1038011, 1038013, 1044022, 1044023, 1044024, 1044025, 010150, 1024929, 1027453, 1023241, 010155, 010154, 1035526, 1029726, 1042334, 1010684;ed_color,ed_size; 1011430, 1004184-01, 1030704, 1030702, 1010406, 1004466, 1030487, 1023230, 1000789, 1002946, 1000827, 1000780, 1023184, 1044070, 1044071, 1044072, 1024930, 1010634, 1010640, 1010635, 1010641, 1029724, 1029721, 1039545, 1030686, 1003062, 1003075, 1003077, 1029825, 1019591, 1019594, 1001152, 1030513, 1019597, 1034613, 1044048, 1019600, 1023233, 1000792, 1000824, 1030627, 1000783, 1025724, 1025725, 1034621, 1001177, 1001170, 1009928, 1039290, 1039291, 229222, 1009930, 1009929, 1010695, 1030459, 1043998, 1030463, 1030456, 1039500, 1029834, 1000893, 1038122, 1000895, 1029836, 1038123, 1038124, 1010658, 1010664, 1010663, 1010661, 1039346, 1010614, 1040815, 126765, 1022824, 1039824, 1034606, 1039338, 1029665, 1029626, 1035153, 1044066, 1040806, 1035152, 1029632, 1008948, 1044065, 1029646, 1008949, 1029661, 1030624, 1038040, 1019933, 1019932, 1044034, 1044036, 1044035, 1044029, 1044037, 1040947, 1039548, 1039547, 1044132, 1030625, 1044135, 1029725, 1000748, 1000749, 1023181, 1000740, 1029722, 1023176, 1023236, 1010694, 1023237, 1019589, 1019592, 1032575, 1032576, 1029645, 1029662, 1029660, 1039110, 1019595, 1019598, 1039109, 1044030, 1032522, 1039532, 1040948, 1039115, 1039113, 1039114, 1010366, 1030623, 1040952, 1040955, 1038100, 1038101, 1038102, 1002947, 100133, 100138, 1032621, 1032619, 1032620, 1004622, 1032652, 1004623, 122815, 1032653, 1009948, 1032654, 1043711, 1019590, 1019593, 1016734, 1019917, 1011428, 1008950, 1019918, 1016541, 1016542, 1010361, 1010362, 1016544, 1040780, 1019596, 1043826, 1000924, 1000925, 1010691, 1019599, 1000786, 1010596, 1044028, 1025728, 1025726, 1010595, 1044027, 1010594, 1010626, 1010652, 1010651, 1010629, 1010646, 1010648, 1010647, 1010654, 1010632, 1010631, 1010657, 1025727, 1029627, 1029631, 1029629, 1001178, 1030622, 1039292, 1039293, 1034609, 188451, 1022823, 1001190, 1001192, 1001191, 1001189, 1034612, 1040834, 1030523, 1030520, 1038128, 1038129, 1034607, 1035538, 1032589, 189577, 010156, 1035592, 1032624, 1032622, 1032623, 1038011, 1038013, 1044022, 1044023, 1044024, 1044025, 010150, 1024929, 1027453, 1023241, 010155, 010154, 1035526, 1029726, 1042334, 1010684;default;configurable;to be determined;to be determined;to be determined;to be determined;to be determined;shop/home accessories/room accents;to be determined; 101143001.jpg; 101143001.jpg; 101143001.jpg
500_1100_3030_2; 1010638, 1010636, 1010639, 1010637, 1010662, 1010665, 1016736, 1010642, 1010627, 1010645, 1010630, 1010655, 1010633;ed_color,ed_size; 1010638, 1010636, 1010639, 1010637, 1010662, 1010665, 1016736, 1010642, 1010627, 1010645, 1010630, 1010655, 1010633;default;configurable;to be determined;to be determined;to be determined;to be determined;to be determined;shop/home accessories/room accents;to be determined; 101063801.jpg; 101063801.jpg; 101063801.jpg
500_1100_3030_3; 1010650, 1010653;ed_color,ed_size; 1010650, 1010653;default;configurable;to be determined;to be determined;to be determined;to be determined;to be determined;shop/home accessories/room accents;to be determined; 101065001.jpg; 101065001.jpg; 101065001.jpg
500_1100_3050_1; 1009844, 1039341, 1001197, 1001205, 1001209, 1020302, 1039337, 1044080, 1039750, 1044081, 1030629, 1030642, 1035671, 1035673, 1032363, 1035480, 1035482, 1035485, 1035484, 1032364, 1032365, 1032361, 1000913, 1020303, 1019961, 1044131, 1044130, 1000906, 1000905, 1020305, 1030610, 1034822, 1030601, 1034823, 1030619, 1030618, 1044466, 1044468, 1044464, 1001201, 1001206, 1001210, 1039476, 1039477, 1030600, 1030620, 1030440, 1040835, 1030599, 1030621, 1040836, 1019890, 1019888, 1019889, 1032403, 1044467, 1030617, 1019887, 1020304, 1020398, 1030611, 1039451, 1044463, 1030690, 1030691, 1032405, 1039343, 1039334, 1039335, 1039770, 1039771;ed_color,ed_size; 1009844, 1039341, 1001197, 1001205, 1001209, 1020302, 1039337, 1044080, 1039750, 1044081, 1030629, 1030642, 1035671, 1035673, 1032363, 1035480, 1035482, 1035485, 1035484, 1032364, 1032365, 1032361, 1000913, 1020303, 1019961, 1044131, 1044130, 1000906, 1000905, 1020305, 1030610, 1034822, 1030601, 1034823, 1030619, 1030618, 1044466, 1044468, 1044464, 1001201, 1001206, 1001210, 1039476, 1039477, 1030600, 1030620, 1030440, 1040835, 1030599, 1030621, 1040836, 1019890, 1019888, 1019889, 1032403, 1044467, 1030617, 1019887, 1020304, 1020398, 1030611, 1039451, 1044463, 1030690, 1030691, 1032405, 1039343, 1039334, 1039335, 1039770, 1039771;default;configurable;to be determined;to be determined;to be determined;to be determined;to be determined;shop/home accessories/small furniture;to be determined; 100984401.jpg; 100984401.jpg; 100984401.jpg
500_1100_3060_1; 1039462, 1038021, 1038019, 1039463, 1020195, 1020172, 1030541, 1038694, 1003078, 1038020, 1038018, 1024390, 1024392, 1024393, 1038692, 1020199, 1020223, 1020177, 1038693, 1020008, 1020006, 1039465, 1039037, 1008619;ed_color,ed_size; 1039462, 1038021, 1038019, 1039463, 1020195, 1020172, 1030541, 1038694, 1003078, 1038020, 1038018, 1024390, 1024392, 1024393, 1038692, 1020199, 1020223, 1020177, 1038693, 1020008, 1020006, 1039465, 1039037, 1008619;default;configurable;to be determined;to be determined;to be determined;to be determined;to be determined;shop/home accessories/organization;to be determined; 103946201.jpg; 103946201.jpg; 103946201.jpg
500_1100_3060_2;1039039;ed_color,ed_size;1039039;default;configurable;to be determined;to be determined;to be determined;to be determined;to be determined;shop/home accessories/organization;to be determined; 103903901.jpg; 103903901.jpg; 103903901.jpg
500_1100_3070_1; 1039805, 1042337, 1020262, 1020263, 1024069, 1024452;ed_color,ed_size; 1039805, 1042337, 1020262, 1020263, 1024069, 1024452;default;configurable;to be determined;to be determined;to be determined;to be determined;to be determined;shop/home accessories/tableware;to be determined; 103980501.jpg; 103980501.jpg; 103980501.jpg
500_1100_3080_1; 1010915, 1040915, 1040918, 1038984, 1039751, 190406-01, 1001140, 1003098, 1003542, 1038988, 1001142, 1003101, 1008345, 1001144, 1003543, 1001147, 1037943, 1003231, 1037942, 1003099, 1003102, 1039306, 1039308, 1037946, 1036673, 1040917, 1038991, 1039307, 1039309, 1001143, 1001139, 1037941, 1040914, 1040913;ed_color,ed_size; 1010915, 1040915, 1040918, 1038984, 1039751, 190406-01, 1001140, 1003098, 1003542, 1038988, 1001142, 1003101, 1008345, 1001144, 1003543, 1001147, 1037943, 1003231, 1037942, 1003099, 1003102, 1039306, 1039308, 1037946, 1036673, 1040917, 1038991, 1039307, 1039309, 1001143, 1001139, 1037941, 1040914, 1040913;default;configurable;to be determined;to be determined;to be determined;to be determined;to be determined;shop/home accessories/home textiles;to be determined; 101091501.jpg; 101091501.jpg; 101091501.jpg
500_1100_3080_2; 1040916, 1003104;ed_color,ed_size; 1040916, 1003104;default;configurable;to be determined;to be determined;to be determined;to be determined;to be determined;shop/home accessories/home textiles;to be determined; 104091601.jpg; 104091601.jpg; 104091601.jpg
500_1100_3080_3;1040919;ed_color,ed_size;1040919;default;configurable;to be determined;to be determined;to be determined;to be determined;to be determined;shop/home accessories/home textiles;to be determined; 104091901.jpg; 104091901.jpg; 104091901.jpg
500_1300_3120_1; 1025381, 1041381, 1038861, 1038565, 1038622, 1041383, 1020790, 1041377, 1041374, 1038860, 1041375, 1020787, 1039714, 1038484, 1038485, 1038277, 1020534, 1038273, 1038251, 1038303, 1038598, 1043744, 1038715, 1038304, 1038567, 1038297, 1005028, 1038305, 1038614, 1041380, 1005033, 1025441, 1038266, 1015270, 1015281, 1025730, 172423-01, 1038859, 1038313, 1038317, 1038321, 1038312, 1038844, 1038307, 1038322, 1038858, 1038316, 1038752, 1038839, 1038663, 1038328, 1038325, 1038310, 1038751, 1038840, 1039726, 1038841, 1039724, 1015269, 1038662, 1038268, 1039725, 1038262, 1038848, 1024681, 1038843, 1015268, 1005089-01, 1005030, 1004849, 1004794, 1041371, 1041369, 1041372, 1038655, 1041370, 1015735, 1038281, 1038274, 1038637, 1038490, 1038491, 1038465, 1038712, 1038526, 1038540, 1038524, 1038600, 1038601, 1038602, 1038599, 1038513, 1043791, 1038512, 1043790, 1038669, 1041251, 1041240, 1025424, 1020793, 1025428, 1025422, 1025426, 1021922, 1020789, 1021923, 1020535, 1020791, 1020792, 1020531, 1024666, 1010580-01, 1024697, 1024698, 1024700, 1024696, 1025423, 1038449, 1025457, 1016535, 1016537, 1016536, 1038528, 1043815, 1025427, 1038534, 1025421, 1043817, 1043816, 1025425, 1043814, 1038502, 1043775, 1038644, 1038643, 1038459, 1038461, 1038455, 1038454, 1038295, 1038558, 1038784, 1038783, 1038557, 1025734, 1038785, 1038301, 1038324, 1038252, 1038331, 1038635, 1038289, 1038719, 1038311, 1025247, 1038302, 1038309, 1008040, 1041456, 1041241, 1038554, 1041249, 1038547, 1038550, 1041243, 1038546, 1038329, 1038549, 1038552, 1005035, 1038548, 1038551, 1038308, 1038849, 1038851, 1038853, 1005032, 1038343, 1043732;ed_color,ed_size; 1025381, 1041381, 1038861, 1038565, 1038622, 1041383, 1020790, 1041377, 1041374, 1038860, 1041375, 1020787, 1039714, 1038484, 1038485, 1038277, 1020534, 1038273, 1038251, 1038303, 1038598, 1043744, 1038715, 1038304, 1038567, 1038297, 1005028, 1038305, 1038614, 1041380, 1005033, 1025441, 1038266, 1015270, 1015281, 1025730, 172423-01, 1038859, 1038313, 1038317, 1038321, 1038312, 1038844, 1038307, 1038322, 1038858, 1038316, 1038752, 1038839, 1038663, 1038328, 1038325, 1038310, 1038751, 1038840, 1039726, 1038841, 1039724, 1015269, 1038662, 1038268, 1039725, 1038262, 1038848, 1024681, 1038843, 1015268, 1005089-01, 1005030, 1004849, 1004794, 1041371, 1041369, 1041372, 1038655, 1041370, 1015735, 1038281, 1038274, 1038637, 1038490, 1038491, 1038465, 1038712, 1038526, 1038540, 1038524, 1038600, 1038601, 1038602, 1038599, 1038513, 1043791, 1038512, 1043790, 1038669, 1041251, 1041240, 1025424, 1020793, 1025428, 1025422, 1025426, 1021922, 1020789, 1021923, 1020535, 1020791, 1020792, 1020531, 1024666, 1010580-01, 1024697, 1024698, 1024700, 1024696, 1025423, 1038449, 1025457, 1016535, 1016537, 1016536, 1038528, 1043815, 1025427, 1038534, 1025421, 1043817, 1043816, 1025425, 1043814, 1038502, 1043775, 1038644, 1038643, 1038459, 1038461, 1038455, 1038454, 1038295, 1038558, 1038784, 1038783, 1038557, 1025734, 1038785, 1038301, 1038324, 1038252, 1038331, 1038635, 1038289, 1038719, 1038311, 1025247, 1038302, 1038309, 1008040, 1041456, 1041241, 1038554, 1041249, 1038547, 1038550, 1041243, 1038546, 1038329, 1038549, 1038552, 1005035, 1038548, 1038551, 1038308, 1038849, 1038851, 1038853, 1005032, 1038343, 1043732;default;configurable;to be determined;to be determined;to be determined;to be determined;to be determined;shop/spring & outdoor decoration/spring summer figurines;to be determined; 102538101.jpg; 102538101.jpg; 102538101.jpg
500_1300_3120_2; 1024693, 1038847, 1038450, 1041248;ed_color,ed_size; 1024693, 1038847, 1038450, 1041248;default;configurable;to be determined;to be determined;to be determined;to be determined;to be determined;shop/spring & outdoor decoration/spring summer figurines;to be determined; 102469301.jpg; 102469301.jpg; 102469301.jpg
500_1300_3120_3; 1024694, 1024695;ed_color,ed_size; 1024694, 1024695;default;configurable;to be determined;to be determined;to be determined;to be determined;to be determined;shop/spring & outdoor decoration/spring summer figurines;to be determined; 102469401.jpg; 102469401.jpg; 102469401.jpg
500_1300_3130_1; 1038746, 1038805, 1038487, 1041473, 1038804, 1038778, 1038833, 1038518, 1009905, 1039279, 1004317, 1043773, 1004051-01, 1015709, 1020057, 1038745, 1009704-01, 1038477, 1015562, 1044129, 1024707, 1038475, 1039276, 1039029, 1039820, 1023218, 1038731, 1038240, 1043809, 1009835-01, 1038817, 1038250, 1038230, 1038794, 1038831, 1024658, 1038814, 1038795, 1038237, 1038797, 1038497, 1038730, 1038753, 1024544, 1032656, 1041434, 1038517, 1041435, 1038520, 1043786, 1032655, 172429, 1038738, 1038190, 1037957, 1037954, 1041430, 1038593, 1038666, 1025245, 1038829, 1038607, 1038591, 1043766, 1038755, 1038260, 1038229, 1038815, 1038836, 1038231, 1038507, 1043801, 1039565, 1009706-01, 1004304, 1043755, 1043756, 1039570, 1001047, 1039566, 1025488, 1038697, 1038536, 1038827, 1038828, 1038699, 1038818, 1038592, 1023221, 1007547, 1024661, 1025442, 1020017, 1038705, 1043824, 1043823, 1024648, 1038822, 1038713, 1032661, 1038670, 1032660, 1040959, 1040967, 1040966, 1040958, 1020030, 1038782, 1040961, 1040965, 1040956, 1036405, 1036406, 1025420, 1039233, 1039244, 1043802, 1043795, 1043784, 1039864, 1008020, 1030547, 1025419, 1037955, 1037952, 1039456, 1039457, 1038340, 1044083, 1038695, 1038698, 1044009, 1039819, 1020404, 1010036, 1010037, 1038667, 1038777, 1038780, 1038776, 1038770, 1043777, 1038696, 1009733-01, 1038700, 1001049, 1025504, 1038826, 1039862, 1038519, 1000858, 1043761, 1008065, 1001052, 1038749, 1038834, 1038835, 1038735, 1038709, 1043807, 1043808, 1043810, 1043770, 1039863, 1039273, 1020058, 1008063, 1044008, 1038747, 1025698, 1038595, 1038531, 1004327, 1001050, 1023449, 1039474, 1023444, 1037953, 1009906, 1009707-01, 1032666, 1032665, 1043818, 1039049, 1039052;ed_color,ed_size; 1038746, 1038805, 1038487, 1041473, 1038804, 1038778, 1038833, 1038518, 1009905, 1039279, 1004317, 1043773, 1004051-01, 1015709, 1020057, 1038745, 1009704-01, 1038477, 1015562, 1044129, 1024707, 1038475, 1039276, 1039029, 1039820, 1023218, 1038731, 1038240, 1043809, 1009835-01, 1038817, 1038250, 1038230, 1038794, 1038831, 1024658, 1038814, 1038795, 1038237, 1038797, 1038497, 1038730, 1038753, 1024544, 1032656, 1041434, 1038517, 1041435, 1038520, 1043786, 1032655, 172429, 1038738, 1038190, 1037957, 1037954, 1041430, 1038593, 1038666, 1025245, 1038829, 1038607, 1038591, 1043766, 1038755, 1038260, 1038229, 1038815, 1038836, 1038231, 1038507, 1043801, 1039565, 1009706-01, 1004304, 1043755, 1043756, 1039570, 1001047, 1039566, 1025488, 1038697, 1038536, 1038827, 1038828, 1038699, 1038818, 1038592, 1023221, 1007547, 1024661, 1025442, 1020017, 1038705, 1043824, 1043823, 1024648, 1038822, 1038713, 1032661, 1038670, 1032660, 1040959, 1040967, 1040966, 1040958, 1020030, 1038782, 1040961, 1040965, 1040956, 1036405, 1036406, 1025420, 1039233, 1039244, 1043802, 1043795, 1043784, 1039864, 1008020, 1030547, 1025419, 1037955, 1037952, 1039456, 1039457, 1038340, 1044083, 1038695, 1038698, 1044009, 1039819, 1020404, 1010036, 1010037, 1038667, 1038777, 1038780, 1038776, 1038770, 1043777, 1038696, 1009733-01, 1038700, 1001049, 1025504, 1038826, 1039862, 1038519, 1000858, 1043761, 1008065, 1001052, 1038749, 1038834, 1038835, 1038735, 1038709, 1043807, 1043808, 1043810, 1043770, 1039863, 1039273, 1020058, 1008063, 1044008, 1038747, 1025698, 1038595, 1038531, 1004327, 1001050, 1023449, 1039474, 1023444, 1037953, 1009906, 1009707-01, 1032666, 1032665, 1043818, 1039049, 1039052;default;configurable;to be determined;to be determined;to be determined;to be determined;to be determined;shop/spring & outdoor decoration/spring summer accessories;to be determined; 103874601.jpg; 103874601.jpg; 103874601.jpg
500_1300_3130_2; 1001051, 1037963, 1040957;ed_color,ed_size; 1001051, 1037963, 1040957;default;configurable;to be determined;to be determined;to be determined;to be determined;to be determined;shop/spring & outdoor decoration/spring summer accessories;to be determined; 100105101.jpg; 100105101.jpg; 100105101.jpg
500_1300_3140_1; 1038165, 1008170, 1038166, 1039350, 1039355, 1024862, 1038332, 1022069, 1038336, 1025677, 1009610, 1038178, 1038177, 1038365, 1038363, 1038362, 1020045, 1022075, 1025643, 1009609, 1025642, 1004674, 1039351, 1039356, 1025079, 338543, 036761, 338542, 1035507, 1039241, 1030503, 1023646, 1038335, 1023643, 1038854, 1044004, 1001155, 1001154, 1038186, 1001017, 1040944, 450036, 1039260, 1040945, 1000856, 158142-01, 1038361, 1023630, 1033072, 1033071, 1033070, 1033069, 1033457, 1000864, 1000861, 1043401, 1023625, 1039445, 1039446, 1024448, 1008023, 1023199, 1038333, 1038356, 1038350, 1038176, 1038174, 1040841, 1038173, 1012528, 1040843, 1003276, 1039357, 1039796, 1038355, 1038349, 1039304, 1039354, 1039359, 1038358, 1040840, 1008215, 1022072, 1040842, 1039303, 1039301, 1039305, 1038357, 1038351;ed_color,ed_size; 1038165, 1008170, 1038166, 1039350, 1039355, 1024862, 1038332, 1022069, 1038336, 1025677, 1009610, 1038178, 1038177, 1038365, 1038363, 1038362, 1020045, 1022075, 1025643, 1009609, 1025642, 1004674, 1039351, 1039356, 1025079, 338543, 036761, 338542, 1035507, 1039241, 1030503, 1023646, 1038335, 1023643, 1038854, 1044004, 1001155, 1001154, 1038186, 1001017, 1040944, 450036, 1039260, 1040945, 1000856, 158142-01, 1038361, 1023630, 1033072, 1033071, 1033070, 1033069, 1033457, 1000864, 1000861, 1043401, 1023625, 1039445, 1039446, 1024448, 1008023, 1023199, 1038333, 1038356, 1038350, 1038176, 1038174, 1040841, 1038173, 1012528, 1040843, 1003276, 1039357, 1039796, 1038355, 1038349, 1039304, 1039354, 1039359, 1038358, 1040840, 1008215, 1022072, 1040842, 1039303, 1039301, 1039305, 1038357, 1038351;default;configurable;to be determined;to be determined;to be determined;to be determined;to be determined;shop/spring & outdoor decoration/outdoor decorations;to be determined; 103816501.jpg; 103816501.jpg; 103816501.jpg
500_1300_3140_2; 1024863, 1038855, 1022076, 338544, 1023629, 1038360, 1038354, 1038359, 1038857;ed_color,ed_size; 1024863, 1038855, 1022076, 338544, 1023629, 1038360, 1038354, 1038359, 1038857;default;configurable;to be determined;to be determined;to be determined;to be determined;to be determined;shop/spring & outdoor decoration/outdoor decorations;to be determined; 102486301.jpg; 102486301.jpg; 102486301.jpg
500_1400_3160_1; 1029205, 1030778, 1030783, 1030867, 1036204, 1036199, 1025756, 1030874, 1029204, 1032476, 1017431, 197123, 1017532, 1017520, 1030984, 1014286, 1019816, 1031137, 1033786, 1030901, 1030878, 1017504, 1017862, 1032101, 1017848, 1035999, 1030870, 1029461, 1028508, 1029538, 1032052, 1030786, 1035269, 1012180, 1015673, 1035274, 121765, 1033488, 1031605, 1035403, 1031165, 1031609, 1033941, 1033942, 1033708, 1019566, 1033718, 1017262, 1017856, 1032467, 1033490, 1031161, 1031198, 1017852, 1032039, 1032132, 121478, 1035949, 1033492, 168562, 1032115, 1030872, 1031019, 1030863, 1018477, 1035998, 1031878, 1017317, 1036239, 1036243, 1036237, 1036226, 1035943, 1036217, 1036212, 1036228, 1032339, 1031175, 1014679, 1031405, 1020168, 1025796, 1031648, 1030877, 1035233, 1029417, 1016857, 1031094, 1028505, 123510, 1032475, 1017507, 1028513, 1026079, 1026143, 1029361, 1029500, 1029501, 1025783, 1036004, 1031968, 1019937, 1019923, 1028451, 1031044, 1030742, 1013222, 169615, 1029181, 1014349, 1031091, 1030767, 1033583, 1033584, 1031201, 1014659, 1025784, 1030980, 1016878, 1030766, 1030718, 1031451, 1031034, 167621, 1035293, 1013843, 1015672, 1030724, 1012188, 1035298, 167622, 1031602, 168846, 1019920, 1030792, 1031592, 1028609, 1032042, 1032135, 1030929, 1018478, 1031863, 1035945, 1035989, 1028546, 1025999, 188223, 1031929, 1032103, 1032028, 1016854, 1033743, 1030734, 1017248, 1035956, 1031855, 122200, 1031178, 1035990, 1015677, 1015210, 1035992, 1036002, 1035959, 1032079, 1032018, 1031260, 1025777, 1029208, 1028500, 1030825, 1031159, 1013834, 188059, 188643, 1035277, 1016828, 1033486, 1031204, 1030793, 1033905, 1031610, 1031684, 1013768, 1031182, 1035942, 1035986, 1028542, 1026049, 1030720, 1031843, 1030723, 1031202, 1016888, 1017544, 1031847, 1026119, 1018307, 1032114, 1029413, 1033839, 1017508, 186346, 1029422, 167624, 1031848, 1031850, 1014638, 1031941, 1030903, 1019938, 1032636, 1036010, 1032045, 1026019, 1031970, 1032022, 1035977, 186492, 1033808, 1016927, 1030882, 1013956, 1029446, 1033741, 1035289, 102329, 1033770, 1030741, 1031147, 1032044, 1016931, 1031884, 1031865, 1029152, 1031972, 1032637, 1030976, 1031113, 1031108, 1017732, 1017734, 1028588, 1028503, 1026000, 1030905, 1030902, 1030788, 1030841, 1031146, 1030864, 1029308, 1031197, 1032095, 1031606, 1032144, 1031876, 1032639;ed_color,ed_size; 1029205, 1030778, 1030783, 1030867, 1036204, 1036199, 1025756, 1030874, 1029204, 1032476, 1017431, 197123, 1017532, 1017520, 1030984, 1014286, 1019816, 1031137, 1033786, 1030901, 1030878, 1017504, 1017862, 1032101, 1017848, 1035999, 1030870, 1029461, 1028508, 1029538, 1032052, 1030786, 1035269, 1012180, 1015673, 1035274, 121765, 1033488, 1031605, 1035403, 1031165, 1031609, 1033941, 1033942, 1033708, 1019566, 1033718, 1017262, 1017856, 1032467, 1033490, 1031161, 1031198, 1017852, 1032039, 1032132, 121478, 1035949, 1033492, 168562, 1032115, 1030872, 1031019, 1030863, 1018477, 1035998, 1031878, 1017317, 1036239, 1036243, 1036237, 1036226, 1035943, 1036217, 1036212, 1036228, 1032339, 1031175, 1014679, 1031405, 1020168, 1025796, 1031648, 1030877, 1035233, 1029417, 1016857, 1031094, 1028505, 123510, 1032475, 1017507, 1028513, 1026079, 1026143, 1029361, 1029500, 1029501, 1025783, 1036004, 1031968, 1019937, 1019923, 1028451, 1031044, 1030742, 1013222, 169615, 1029181, 1014349, 1031091, 1030767, 1033583, 1033584, 1031201, 1014659, 1025784, 1030980, 1016878, 1030766, 1030718, 1031451, 1031034, 167621, 1035293, 1013843, 1015672, 1030724, 1012188, 1035298, 167622, 1031602, 168846, 1019920, 1030792, 1031592, 1028609, 1032042, 1032135, 1030929, 1018478, 1031863, 1035945, 1035989, 1028546, 1025999, 188223, 1031929, 1032103, 1032028, 1016854, 1033743, 1030734, 1017248, 1035956, 1031855, 122200, 1031178, 1035990, 1015677, 1015210, 1035992, 1036002, 1035959, 1032079, 1032018, 1031260, 1025777, 1029208, 1028500, 1030825, 1031159, 1013834, 188059, 188643, 1035277, 1016828, 1033486, 1031204, 1030793, 1033905, 1031610, 1031684, 1013768, 1031182, 1035942, 1035986, 1028542, 1026049, 1030720, 1031843, 1030723, 1031202, 1016888, 1017544, 1031847, 1026119, 1018307, 1032114, 1029413, 1033839, 1017508, 186346, 1029422, 167624, 1031848, 1031850, 1014638, 1031941, 1030903, 1019938, 1032636, 1036010, 1032045, 1026019, 1031970, 1032022, 1035977, 186492, 1033808, 1016927, 1030882, 1013956, 1029446, 1033741, 1035289, 102329, 1033770, 1030741, 1031147, 1032044, 1016931, 1031884, 1031865, 1029152, 1031972, 1032637, 1030976, 1031113, 1031108, 1017732, 1017734, 1028588, 1028503, 1026000, 1030905, 1030902, 1030788, 1030841, 1031146, 1030864, 1029308, 1031197, 1032095, 1031606, 1032144, 1031876, 1032639;default;configurable;to be determined;to be determined;to be determined;to be determined;to be determined;shop/christmas decoration/christmas ornaments;to be determined; 102920501.jpg; 102920501.jpg; 102920501.jpg
500_1400_3160_10;1014738;ed_color,ed_size;1014738;default;configurable;to be determined;to be determined;to be determined;to be determined;to be determined;shop/christmas decoration/christmas ornaments;to be determined; 101473801.jpg; 101473801.jpg; 101473801.jpg
500_1400_3160_11;1036192;ed_color,ed_size;1036192;default;configurable;to be determined;to be determined;to be determined;to be determined;to be determined;shop/christmas decoration/christmas ornaments;to be determined; 103619201.jpg; 103619201.jpg; 103619201.jpg
500_1400_3160_12;1035226;ed_color,ed_size;1035226;default;configurable;to be determined;to be determined;to be determined;to be determined;to be determined;shop/christmas decoration/christmas ornaments;to be determined; 103522601.jpg; 103522601.jpg; 103522601.jpg
500_1400_3160_2; 1036189, 1031991, 1030829, 1030904, 1031401, 1036201, 1036196, 1031263, 1030898, 1029462, 1036245, 1035587, 1029253, 1013765, 1035978, 1013978;ed_color,ed_size; 1036189, 1031991, 1030829, 1030904, 1031401, 1036201, 1036196, 1031263, 1030898, 1029462, 1036245, 1035587, 1029253, 1013765, 1035978, 1013978;default;configurable;to be determined;to be determined;to be determined;to be determined;to be determined;shop/christmas decoration/christmas ornaments;to be determined; 103618901.jpg; 103618901.jpg; 103618901.jpg
500_1400_3160_3; 1032004, 1031386, 1031264;ed_color,ed_size; 1032004, 1031386, 1031264;default;configurable;to be determined;to be determined;to be determined;to be determined;to be determined;shop/christmas decoration/christmas ornaments;to be determined; 103200401.jpg; 103200401.jpg; 103200401.jpg
500_1400_3160_4; 1030907, 1031265;ed_color,ed_size; 1030907, 1031265;default;configurable;to be determined;to be determined;to be determined;to be determined;to be determined;shop/christmas decoration/christmas ornaments;to be determined; 103090701.jpg; 103090701.jpg; 103090701.jpg
500_1400_3160_5;1025763;ed_color,ed_size;1025763;default;configurable;to be determined;to be determined;to be determined;to be determined;to be determined;shop/christmas decoration/christmas ornaments;to be determined; 102576301.jpg; 102576301.jpg; 102576301.jpg
500_1400_3160_6;1025781;ed_color,ed_size;1025781;default;configurable;to be determined;to be determined;to be determined;to be determined;to be determined;shop/christmas decoration/christmas ornaments;to be determined; 102578101.jpg; 102578101.jpg; 102578101.jpg
500_1400_3160_7;1025747;ed_color,ed_size;1025747;default;configurable;to be determined;to be determined;to be determined;to be determined;to be determined;shop/christmas decoration/christmas ornaments;to be determined; 102574701.jpg; 102574701.jpg; 102574701.jpg
500_1400_3160_8;1025748;ed_color,ed_size;1025748;default;configurable;to be determined;to be determined;to be determined;to be determined;to be determined;shop/christmas decoration/christmas ornaments;to be determined; 102574801.jpg; 102574801.jpg; 102574801.jpg
500_1400_3160_9;1014737;ed_color,ed_size;1014737;default;configurable;to be determined;to be determined;to be determined;to be determined;to be determined;shop/christmas decoration/christmas ornaments;to be determined; 101473701.jpg; 101473701.jpg; 101473701.jpg
500_1400_3170_1; 1030986, 1035375, 188405, 1031228, 1033619, 1033632, 1035386, 1033722, 188422, 1035390, 1035393, 1033633, 1015045, 1015435, 1033816, 1033814, 1035391, 189095, 1033787, 1033693, 1033711, 1033699, 1033700, 1031595, 1033705, 1033572, 1033723, 1033710, 1035214, 1033667, 1033709, 1033654, 1035385, 1033663, 1035392, 1033706, 188426, 1033859, 1033756, 1033652, 1033703, 1033683, 1033682, 1031516, 1033851, 1033704, 1035402, 1033684, 1033685, 1033669, 1033658, 1033850, 1031512, 1035207, 1029370, 1029504, 1012095, 1012098, 121872, 1012105, 1035377, 1035382, 1035379, 1031586, 1014149, 188904, 188902, 189052, 188903, 188360, 1029426, 1029427, 1029397, 1029414, 1033730, 1029409, 1033694, 1029428, 1031529, 1014299, 1031613, 1031549, 1033776, 1029434, 1029470, 1031573, 1033854, 1031568, 1033716, 1014254, 1015037, 1015038, 1018431, 1015039, 1033696, 1014112, 1033686, 1035410, 1033687, 1033600, 1033599, 1031104, 1033845, 1029441, 1031537, 1033835;ed_color,ed_size; 1030986, 1035375, 188405, 1031228, 1033619, 1033632, 1035386, 1033722, 188422, 1035390, 1035393, 1033633, 1015045, 1015435, 1033816, 1033814, 1035391, 189095, 1033787, 1033693, 1033711, 1033699, 1033700, 1031595, 1033705, 1033572, 1033723, 1033710, 1035214, 1033667, 1033709, 1033654, 1035385, 1033663, 1035392, 1033706, 188426, 1033859, 1033756, 1033652, 1033703, 1033683, 1033682, 1031516, 1033851, 1033704, 1035402, 1033684, 1033685, 1033669, 1033658, 1033850, 1031512, 1035207, 1029370, 1029504, 1012095, 1012098, 121872, 1012105, 1035377, 1035382, 1035379, 1031586, 1014149, 188904, 188902, 189052, 188903, 188360, 1029426, 1029427, 1029397, 1029414, 1033730, 1029409, 1033694, 1029428, 1031529, 1014299, 1031613, 1031549, 1033776, 1029434, 1029470, 1031573, 1033854, 1031568, 1033716, 1014254, 1015037, 1015038, 1018431, 1015039, 1033696, 1014112, 1033686, 1035410, 1033687, 1033600, 1033599, 1031104, 1033845, 1029441, 1031537, 1033835;default;configurable;to be determined;to be determined;to be determined;to be determined;to be determined;shop/christmas decoration/christmas figurines;to be determined; 103098601.jpg; 103098601.jpg; 103098601.jpg
500_1400_3180_1; 612100, 610303, 1025879, 1025893, 1025888, 605091, 610301, 608320, 1025885, 1025877, 1025887, 1025883, 610180, 612114, 612115, 1015448, 1015449, 1031312, 1035248, 1027242, 609184, 1015148, 612065, 1015176, 1035249, 1015139, 611053, 612001, 611045, 1015140, 612149, 612023, 612014, 612009, 1015142, 612036, 1014005, 612010, 612108, 1015137, 1015124, 612012, 612087, 1015127, 1015134, 610018, 610045, 612002, 610003, 612004, 612022, 611027, 1015125, 612090, 612005, 612091, 611032, 1015146, 612021, 1014003, 1015126, 611192, 612029, 1015630, 611043, 612092, 1036162, 1015145, 1013997, 1015169, 612105, 1015613, 604011, 612070, 1015177, 611106, 381650, 611100, 612074, 1015186, 612071, 1015185, 1015180, 604023, 603044, 610093, 1015171, 611195, 1014008, 612083, 609153, 609132, 610034, 610025, 1015175, 1025890, 1035428, 1004955, 1001357, 1035430, 1008016, 1025867, 1001356, 1008014, 1031310, 381887, 1036360, 1031331, 1036353, 381888, 1031325, 1031296, 1008017, 1031337, 381897, 1001361, 1028580, 381898, 1031324, 1031334, 1028579, 1031297, 1031306, 1031281, 1031274, 1031309, 1031305, 1031303, 1028583, 609183, 1025872, 1031326, 1001360, 1031275, 1031335, 1031327, 1014416, 1025866, 1025868, 1025862, 1025849, 1025861, 1008018, 1001363, 1008012, 1008019, 381925, 1001362, 1025869, 1031295, 1031319, 1031320, 1031276, 1031278, 1031294, 1031273, 1031283, 1008013, 1031315, 1036352, 1031311, 1031272, 1031270, 610120, 1031298, 1014418, 381892, 1031291, 1025845, 1031280, 1028582, 1028581, 1031271, 1031279, 1031307, 1001358, 1031332, 1015130, 1031314, 612118, 612117, 612051, 612052, 1015153, 1015152, 611193, 605127, 605149, 610155, 605132, 611132, 1015158, 1025851, 612103, 612142, 605142, 605002, 1025898, 1025906, 1031343, 605143, 1031346, 605000, 1025905, 605020, 612054, 605004, 1025895, 1025897, 605135, 1041553, 608318, 1025896, 1025910, 1025909, 1025908, 612041, 1015167, 1025886, 1025878, 1025882, 605090;ed_color,ed_size; 612100, 610303, 1025879, 1025893, 1025888, 605091, 610301, 608320, 1025885, 1025877, 1025887, 1025883, 610180, 612114, 612115, 1015448, 1015449, 1031312, 1035248, 1027242, 609184, 1015148, 612065, 1015176, 1035249, 1015139, 611053, 612001, 611045, 1015140, 612149, 612023, 612014, 612009, 1015142, 612036, 1014005, 612010, 612108, 1015137, 1015124, 612012, 612087, 1015127, 1015134, 610018, 610045, 612002, 610003, 612004, 612022, 611027, 1015125, 612090, 612005, 612091, 611032, 1015146, 612021, 1014003, 1015126, 611192, 612029, 1015630, 611043, 612092, 1036162, 1015145, 1013997, 1015169, 612105, 1015613, 604011, 612070, 1015177, 611106, 381650, 611100, 612074, 1015186, 612071, 1015185, 1015180, 604023, 603044, 610093, 1015171, 611195, 1014008, 612083, 609153, 609132, 610034, 610025, 1015175, 1025890, 1035428, 1004955, 1001357, 1035430, 1008016, 1025867, 1001356, 1008014, 1031310, 381887, 1036360, 1031331, 1036353, 381888, 1031325, 1031296, 1008017, 1031337, 381897, 1001361, 1028580, 381898, 1031324, 1031334, 1028579, 1031297, 1031306, 1031281, 1031274, 1031309, 1031305, 1031303, 1028583, 609183, 1025872, 1031326, 1001360, 1031275, 1031335, 1031327, 1014416, 1025866, 1025868, 1025862, 1025849, 1025861, 1008018, 1001363, 1008012, 1008019, 381925, 1001362, 1025869, 1031295, 1031319, 1031320, 1031276, 1031278, 1031294, 1031273, 1031283, 1008013, 1031315, 1036352, 1031311, 1031272, 1031270, 610120, 1031298, 1014418, 381892, 1031291, 1025845, 1031280, 1028582, 1028581, 1031271, 1031279, 1031307, 1001358, 1031332, 1015130, 1031314, 612118, 612117, 612051, 612052, 1015153, 1015152, 611193, 605127, 605149, 610155, 605132, 611132, 1015158, 1025851, 612103, 612142, 605142, 605002, 1025898, 1025906, 1031343, 605143, 1031346, 605000, 1025905, 605020, 612054, 605004, 1025895, 1025897, 605135, 1041553, 608318, 1025896, 1025910, 1025909, 1025908, 612041, 1015167, 1025886, 1025878, 1025882, 605090;default;configurable;to be determined;to be determined;to be determined;to be determined;to be determined;shop/christmas decoration/collectables;to be determined; 61210001.jpg; 61210001.jpg; 61210001.jpg
500_1400_3180_2; 605106, 1025894, 1035252, 1035429, 1001359, 1031323, 612116, 1015157, 608312, 612055;ed_color,ed_size; 605106, 1025894, 1035252, 1035429, 1001359, 1031323, 612116, 1015157, 608312, 612055;default;configurable;to be determined;to be determined;to be determined;to be determined;to be determined;shop/christmas decoration/collectables;to be determined; 60510601.jpg; 60510601.jpg; 60510601.jpg
500_1400_3190_1; 1033476, 1029389, 1035371, 1029391, 1030824, 1030827, 1035258, 1030414, 1015473, 1030493, 1030492, 1032269, 197137, 1015472, 1017812, 1031223, 1033922, 1029386, 1029455, 1014365, 1029456, 1029387, 1031625, 1014367, 197132, 1029388, 1035185, 1032504, 1029331, 1031481, 1031028, 1031675, 1031079, 1018493, 1032508, 1031676, 1018468, 167794, 1029282, 1019577, 1029702, 011950, 1030857, 1020495, 1031015, 1033760, 1030836, 1017185, 1033761, 1036210, 1032506, 1030891, 1030639, 1013280, 1013279, 1030637, 1032497, 1031426, 1035202, 1031419, 1031400, 1029524, 1031495, 1030919, 1031496, 1031215, 1030920, 1031216, 1031210, 1031229, 1029090, 1029091, 1029525, 1036021, 1030914, 1013286, 1030892, 123504, 1018419, 1018418, 123507, 1018439, 1018440, 1031624, 1029473, 123502, 1014204, 1018414, 1018404, 1028529, 1028527, 1029078, 1017470, 1026139, 1008904, 183340, 1035094, 183342, 1031632, 1015500, 1035265, 1031045, 1031685, 122605, 1015600, 1031779, 1015601, 1031412, 1015433, 1031413, 1029510, 1029512, 1035210, 1031740, 1031001, 123602, 1030935, 1030996, 1033726, 1031033, 1031002, 1035360, 1030997, 188004, 1030936, 1029139, 1029087, 1029088, 1029513, 1029089, 1032517, 1031666, 1031055, 1031954, 190727, 1030830, 1026111, 1031788, 1035264, 1035263, 1031784, 122603, 1031943, 1032198, 1035731, 188006, 1031635, 1030837, 169582, 1031679, 1017043, 1032580, 1032546, 1029570, 1035735, 1029107, 1035187, 1032193, 1032537, 1035221, 1031468, 1032465, 1029562, 1029526, 122245, 1036045, 1029405, 1029700, 1035196, 1031760, 1034535, 1034534, 1032548, 1032547, 1032549, 190156, 190413, 1030834, 1032207, 1030422, 1015598, 1031698, 1015599, 1033876, 1016784, 1033873, 1020516, 190720, 190719, 1014554, 1030413, 1030854, 189214, 1017813, 1020309, 1032627, 1035117, 1029323, 1017826, 188687, 189578, 1032418, 1014564, 1036020, 1031106, 1032499, 1030525, 1029324, 1030855, 183341, 1035195, 1017297, 190731, 1031092, 1012084, 1017743, 1035204, 1029534, 1012168, 1029356, 1029698, 1032205, 188540;ed_color,ed_size; 1033476, 1029389, 1035371, 1029391, 1030824, 1030827, 1035258, 1030414, 1015473, 1030493, 1030492, 1032269, 197137, 1015472, 1017812, 1031223, 1033922, 1029386, 1029455, 1014365, 1029456, 1029387, 1031625, 1014367, 197132, 1029388, 1035185, 1032504, 1029331, 1031481, 1031028, 1031675, 1031079, 1018493, 1032508, 1031676, 1018468, 167794, 1029282, 1019577, 1029702, 011950, 1030857, 1020495, 1031015, 1033760, 1030836, 1017185, 1033761, 1036210, 1032506, 1030891, 1030639, 1013280, 1013279, 1030637, 1032497, 1031426, 1035202, 1031419, 1031400, 1029524, 1031495, 1030919, 1031496, 1031215, 1030920, 1031216, 1031210, 1031229, 1029090, 1029091, 1029525, 1036021, 1030914, 1013286, 1030892, 123504, 1018419, 1018418, 123507, 1018439, 1018440, 1031624, 1029473, 123502, 1014204, 1018414, 1018404, 1028529, 1028527, 1029078, 1017470, 1026139, 1008904, 183340, 1035094, 183342, 1031632, 1015500, 1035265, 1031045, 1031685, 122605, 1015600, 1031779, 1015601, 1031412, 1015433, 1031413, 1029510, 1029512, 1035210, 1031740, 1031001, 123602, 1030935, 1030996, 1033726, 1031033, 1031002, 1035360, 1030997, 188004, 1030936, 1029139, 1029087, 1029088, 1029513, 1029089, 1032517, 1031666, 1031055, 1031954, 190727, 1030830, 1026111, 1031788, 1035264, 1035263, 1031784, 122603, 1031943, 1032198, 1035731, 188006, 1031635, 1030837, 169582, 1031679, 1017043, 1032580, 1032546, 1029570, 1035735, 1029107, 1035187, 1032193, 1032537, 1035221, 1031468, 1032465, 1029562, 1029526, 122245, 1036045, 1029405, 1029700, 1035196, 1031760, 1034535, 1034534, 1032548, 1032547, 1032549, 190156, 190413, 1030834, 1032207, 1030422, 1015598, 1031698, 1015599, 1033876, 1016784, 1033873, 1020516, 190720, 190719, 1014554, 1030413, 1030854, 189214, 1017813, 1020309, 1032627, 1035117, 1029323, 1017826, 188687, 189578, 1032418, 1014564, 1036020, 1031106, 1032499, 1030525, 1029324, 1030855, 183341, 1035195, 1017297, 190731, 1031092, 1012084, 1017743, 1035204, 1029534, 1012168, 1029356, 1029698, 1032205, 188540;default;configurable;to be determined;to be determined;to be determined;to be determined;to be determined;shop/christmas decoration/christmas accessories;to be determined; 103347601.jpg; 103347601.jpg; 103347601.jpg
500_1400_3190_2; 1031626, 1031747, 1020498, 1031730, 1031230, 1018420, 1035095, 1029852, 1035182, 1031751, 190165, 190718, 190717;ed_color,ed_size; 1031626, 1031747, 1020498, 1031730, 1031230, 1018420, 1035095, 1029852, 1035182, 1031751, 190165, 190718, 190717;default;configurable;to be determined;to be determined;to be determined;to be determined;to be determined;shop/christmas decoration/christmas accessories;to be determined; 103162601.jpg; 103162601.jpg; 103162601.jpg
500_1400_3190_3; 1031364, 1031738, 1029568, 1031755;ed_color,ed_size; 1031364, 1031738, 1029568, 1031755;default;configurable;to be determined;to be determined;to be determined;to be determined;to be determined;shop/christmas decoration/christmas accessories;to be determined; 103136401.jpg; 103136401.jpg; 103136401.jpg
500_1400_3190_4; 1031220, 1031732;ed_color,ed_size; 1031220, 1031732;default;configurable;to be determined;to be determined;to be determined;to be determined;to be determined;shop/christmas decoration/christmas accessories;to be determined; 103122001.jpg; 103122001.jpg; 103122001.jpg
500_1600_3220_1; 1035203, 1032148, 1035194, 1029392, 1029393, 1029394, 1032447, 1035096, 1032290, 1022936, 1032296, 1035209, 1035412, 1032243, 1035230, 1035231, 372935, 1017775, 1017758, 1030928, 1030927;ed_color,ed_size; 1035203, 1032148, 1035194, 1029392, 1029393, 1029394, 1032447, 1035096, 1032290, 1022936, 1032296, 1035209, 1035412, 1032243, 1035230, 1035231, 372935, 1017775, 1017758, 1030928, 1030927;default;configurable;to be determined;to be determined;to be determined;to be determined;to be determined;shop/christmas lighting/decorations lighting;to be determined; 103520301.jpg; 103520301.jpg; 103520301.jpg
500_1600_3220_2;1032244;ed_color,ed_size;1032244;default;configurable;to be determined;to be determined;to be determined;to be determined;to be determined;shop/christmas lighting/decorations lighting;to be determined; 103224401.jpg; 103224401.jpg; 103224401.jpg
503_1300_3140_1; 1043366, 1043402, 1043367;ed_color,ed_size; 1043366, 1043402, 1043367;default;configurable;plant stand;plant stand;plant stand;plant stand;plant stand;shop/spring & outdoor decoration/outdoor decorations;plant stand; 104336601.jpg; 104336601.jpg; 104336601.jpg
504_1400_3190_1; 1033112, 1033114, 1033111, 1033113, 1033107;ed_color,ed_size; 1033112, 1033114, 1033111, 1033113, 1033107;default;configurable;card holder;card holder;card holder;card holder;card holder;shop/christmas decoration/christmas accessories;card holder; 103311201.jpg; 103311201.jpg; 103311201.jpg
508_1100_3050_1; 1033224, 1033223;ed_color,ed_size; 1033224, 1033223;default;configurable;stool;stool;stool;stool;stool;shop/home accessories/small furniture;stool; 103322401.jpg; 103322401.jpg; 103322401.jpg
511_1300_3150_1; 1044454, 1044452;ed_color,ed_size; 1044454, 1044452;default;configurable;plant etagere;plant etagere;plant etagere;plant etagere;plant etagere;shop/spring & outdoor decoration/outdoor furniture;plant etagere; 104445401.jpg; 104445401.jpg; 104445401.jpg
512_1300_3150_1;1044461;ed_color,ed_size;1044461;default;configurable;coat rack;coat rack;coat rack;coat rack;coat rack;shop/spring & outdoor decoration/outdoor furniture;coat rack; 104446101.jpg; 104446101.jpg; 104446101.jpg
513_1100_3040_1; 1021931, 1021932, 1027654;ed_color,ed_size; 1021931, 1021932, 1027654;default;configurable;table lamp;table lamp;table lamp;table lamp;table lamp;shop/home accessories/lamps & lighting;table lamp; 102193101.jpg; 102193101.jpg; 102193101.jpg
518_1100_3030_1; 094846, 094850;ed_color,ed_size; 094846, 094850;default;configurable;wall hook;wall hook;wall hook;wall hook;wall hook;shop/home accessories/room accents;wall hook; 09484601.jpg; 09484601.jpg; 09484601.jpg
520_1100_3040_1; 1020476, 1020475, 1020474, 1020473;ed_color,ed_size; 1020476, 1020475, 1020474, 1020473;default;configurable;hanging lamp;hanging lamp;hanging lamp;hanging lamp;hanging lamp;shop/home accessories/lamps & lighting;hanging lamp; 102047601.jpg; 102047601.jpg; 102047601.jpg
553_1300_3120_1; 1043839, 1043836, 1043838, 1043840, 1043841, 1043830, 1043834;ed_color,ed_size; 1043839, 1043836, 1043838, 1043840, 1043841, 1043830, 1043834;default;configurable;animals;animals;animals;animals;animals;shop/spring & outdoor decoration/spring summer figurines;animals; 104383901.jpg; 104383901.jpg; 104383901.jpg
558_1600_3220_1; 1012931, 1012929, 372246;ed_color,ed_size; 1012931, 1012929, 372246;default;configurable;battery operated;battery operated;battery operated;battery operated;battery operated;shop/christmas lighting/decorations lighting;battery operated; 101293101.jpg; 101293101.jpg; 101293101.jpg
558_1600_3220_2;1012930;ed_color,ed_size;1012930;default;configurable;battery operated;battery operated;battery operated;battery operated;battery operated;shop/christmas lighting/decorations lighting;battery operated; 101293001.jpg; 101293001.jpg; 101293001.jpg
558_1600_3240_1; 372540, 1034165, 372535, 1034280;ed_color,ed_size; 372540, 1034165, 372535, 1034280;default;configurable;battery operated;battery operated;battery operated;battery operated;battery operated;shop/christmas lighting/string lighting;battery operated; 37254001.jpg; 37254001.jpg; 37254001.jpg
559_1100_3040_1; 1033257, 1033258, 1028337;ed_color,ed_size; 1033257, 1033258, 1028337;default;configurable;bulbs;bulbs;bulbs;bulbs;bulbs;shop/home accessories/lamps & lighting;bulbs; 103325701.jpg; 103325701.jpg; 103325701.jpg
587_1400_3180_1;608343;ed_color,ed_size;608343;default;configurable;table pieces;table pieces;table pieces;table pieces;table pieces;shop/christmas decoration/collectables;table pieces; 60834301.jpg; 60834301.jpg; 60834301.jpg
59_1000_3000_1; 1038879, 1038878, 1021264, 1021265, 1021913, 1021227, 1021229, 1021230, 1021274;ed_color,ed_size; 1038879, 1038878, 1021264, 1021265, 1021913, 1021227, 1021229, 1021230, 1021274;default;configurable;bottle;bottle;bottle;bottle;bottle;shop/pottery & glassware/indoor pottery;bottle; 103887901.jpg; 103887901.jpg; 103887901.jpg
595_1400_3180_1;374725;ed_color,ed_size;374725;default;configurable;waterglobes;waterglobes;waterglobes;waterglobes;waterglobes;shop/christmas decoration/collectables;waterglobes; 37472501.jpg; 37472501.jpg; 37472501.jpg
616_1600_3220_1; 1036589, 1034185, 1034968, 1034966;ed_color,ed_size; 1036589, 1034185, 1034968, 1034966;default;configurable;led;led;led;led;led;shop/christmas lighting/decorations lighting;led; 103658901.jpg; 103658901.jpg; 103658901.jpg
662_1400_3190_1; 1033217, 1036771, 1036770, 1036769;ed_color,ed_size; 1033217, 1036771, 1036770, 1036769;default;configurable;tree;tree;tree;tree;tree;shop/christmas decoration/christmas accessories;tree; 103321701.jpg; 103321701.jpg; 103321701.jpg
662_1600_3220_1; 1012753, 1034927, 1012745, 372510;ed_color,ed_size; 1012753, 1034927, 1012745, 372510;default;configurable;tree;tree;tree;tree;tree;shop/christmas lighting/decorations lighting;tree; 101275301.jpg; 101275301.jpg; 101275301.jpg
674_1300_3140_1;1033389;ed_color,ed_size;1033389;default;configurable;decoration plate;decoration plate;decoration plate;decoration plate;decoration plate;shop/spring & outdoor decoration/outdoor decorations;decoration plate; 103338901.jpg; 103338901.jpg; 103338901.jpg
682_1000_3020_1;124060;ed_color,ed_size;124060;default;configurable;drop;drop;drop;drop;drop;shop/pottery & glassware/glassware;drop; 12406001.jpg; 12406001.jpg; 12406001.jpg
691_1600_3220_1;372406;ed_color,ed_size;372406;default;configurable;hanging decoration;hanging decoration;hanging decoration;hanging decoration;hanging decoration;shop/christmas lighting/decorations lighting;hanging decoration; 37240601.jpg; 37240601.jpg; 37240601.jpg
696_1400_3160_1; 139786, 139785;ed_color,ed_size; 139786, 139785;default;configurable;heart star tree;heart star tree;heart star tree;heart star tree;heart star tree;shop/christmas decoration/christmas ornaments;heart star tree; 13978601.jpg; 13978601.jpg; 13978601.jpg
698_1400_3190_1;1033222;ed_color,ed_size;1033222;default;configurable;deer;deer;deer;deer;deer;shop/christmas decoration/christmas accessories;deer; 103322201.jpg; 103322201.jpg; 103322201.jpg
698_1600_3220_1; 1034202, 1034926, 1034923, 1034922, 1012672, 1034191;ed_color,ed_size; 1034202, 1034926, 1034923, 1034922, 1012672, 1034191;default;configurable;deer;deer;deer;deer;deer;shop/christmas lighting/decorations lighting;deer; 103420201.jpg; 103420201.jpg; 103420201.jpg
70_1100_3030_1; 126796, 126798, 120677, 121257;ed_color,ed_size; 126796, 126798, 120677, 121257;default;configurable;glass fragments;glass fragments;glass fragments;glass fragments;glass fragments;shop/home accessories/room accents;glass fragments; 12679601.jpg; 12679601.jpg; 12679601.jpg
70_1100_3030_2; 126797, 126799;ed_color,ed_size; 126797, 126799;default;configurable;glass fragments;glass fragments;glass fragments;glass fragments;glass fragments;shop/home accessories/room accents;glass fragments; 12679701.jpg; 12679701.jpg; 12679701.jpg
71_1000_3020_1; 019196, 019197, 019198;ed_color,ed_size; 019196, 019197, 019198;default;configurable;glass deco vase;glass deco vase;glass deco vase;glass deco vase;glass deco vase;shop/pottery & glassware/glassware;glass deco vase; 01919601.jpg; 01919601.jpg; 01919601.jpg
71_1000_3020_2;19270;ed_color,ed_size;19270;default;configurable;glass deco vase;glass deco vase;glass deco vase;glass deco vase;glass deco vase;shop/pottery & glassware/glassware;glass deco vase; 01927001.jpg; 01927001.jpg; 01927001.jpg
710_1600_3220_1;1034972;ed_color,ed_size;1034972;default;configurable;cone;cone;cone;cone;cone;shop/christmas lighting/decorations lighting;cone; 103497201.jpg; 103497201.jpg; 103497201.jpg
713_1400_3190_1;166696;ed_color,ed_size;166696;default;configurable;christmas tree ornament;christmas tree ornament;christmas tree ornament;christmas tree ornament;christmas tree ornament;shop/christmas decoration/christmas accessories;christmas tree ornament; 16669601.jpg; 16669601.jpg; 16669601.jpg
718_1400_3190_1;1020425;ed_color,ed_size;1020425;default;configurable;christmas figure;christmas figure;christmas figure;christmas figure;christmas figure;shop/christmas decoration/christmas accessories;christmas figure; 102042501.jpg; 102042501.jpg; 102042501.jpg
733_1600_3220_1; 372545, 372546, 372544;ed_color,ed_size; 372545, 372546, 372544;default;configurable;ribbon;ribbon;ribbon;ribbon;ribbon;shop/christmas lighting/decorations lighting;ribbon; 37254501.jpg; 37254501.jpg; 37254501.jpg
745_1100_3030_1;139638;ed_color,ed_size;139638;default;configurable;ornament;ornament;ornament;ornament;ornament;shop/home accessories/room accents;ornament; 13963801.jpg; 13963801.jpg; 13963801.jpg
756_1100_3030_1; 120546, 120547, 120545, 120550, 120548;ed_color,ed_size; 120546, 120547, 120545, 120550, 120548;default;configurable;pearl;pearl;pearl;pearl;pearl;shop/home accessories/room accents;pearl; 12054601.jpg; 12054601.jpg; 12054601.jpg
777_1600_3220_1;1034921;ed_color,ed_size;1034921;default;configurable;sledge;sledge;sledge;sledge;sledge;shop/christmas lighting/decorations lighting;sledge; 103492101.jpg; 103492101.jpg; 103492101.jpg
78_1400_3190_1; 1036904, 1036898;ed_color,ed_size; 1036904, 1036898;default;configurable;NULL;NULL;NULL;NULL;NULL;shop/christmas decoration/christmas accessories;NULL; 103690401.jpg; 103690401.jpg; 103690401.jpg
782_1600_3220_1; 1034203, 372373, 1012936;ed_color,ed_size; 1034203, 372373, 1012936;default;configurable;snowman;snowman;snowman;snowman;snowman;shop/christmas lighting/decorations lighting;snowman; 103420301.jpg; 103420301.jpg; 103420301.jpg
79_1100_3030_1; 349098, 349105, 120672, 120502, 349114, 120064, 120183, 349112, 121264, 349100, 349099, 349113, 349110, 349109, 349226, 349108, 349107, 120627, 120630, 349115;ed_color,ed_size; 349098, 349105, 120672, 120502, 349114, 120064, 120183, 349112, 121264, 349100, 349099, 349113, 349110, 349109, 349226, 349108, 349107, 120627, 120630, 349115;default;configurable;gravel;gravel;gravel;gravel;gravel;shop/home accessories/room accents;gravel; 34909801.jpg; 34909801.jpg; 34909801.jpg
803_1600_3220_1;1043374;ed_color,ed_size;1043374;default;configurable;bird;bird;bird;bird;bird;shop/christmas lighting/decorations lighting;bird; 104337401.jpg; 104337401.jpg; 104337401.jpg
824_1400_3190_1;1020525;ed_color,ed_size;1020525;default;configurable;star;star;star;star;star;shop/christmas decoration/christmas accessories;star; 102052501.jpg; 102052501.jpg; 102052501.jpg
824_1600_3220_1; 1037211, 1034924, 1037209, 1023679;ed_color,ed_size; 1037211, 1034924, 1037209, 1023679;default;configurable;star;star;star;star;star;shop/christmas lighting/decorations lighting;star; 103721101.jpg; 103721101.jpg; 103721101.jpg
824_1600_3220_2;1034925;ed_color,ed_size;1034925;default;configurable;star;star;star;star;star;shop/christmas lighting/decorations lighting;star; 103492501.jpg; 103492501.jpg; 103492501.jpg
827_1600_3240_1; 1034270, 1034271, 1034307, 1034267, 1034313, 1034268, 1034310, 1034261, 1034276, 1034277, 1034308, 1034273, 1034311;ed_color,ed_size; 1034270, 1034271, 1034307, 1034267, 1034313, 1034268, 1034310, 1034261, 1034276, 1034277, 1034308, 1034273, 1034311;default;configurable;8f controller;8f controller;8f controller;8f controller;8f controller;shop/christmas lighting/string lighting;8f controller; 103427001.jpg; 103427001.jpg; 103427001.jpg
828_1100_3030_1; 1033066, 1033068, 1033065;ed_color,ed_size; 1033066, 1033068, 1033065;default;configurable;accessories;accessories;accessories;accessories;accessories;shop/home accessories/room accents;accessories; 103306601.jpg; 103306601.jpg; 103306601.jpg
828_1600_3240_1;364676;ed_color,ed_size;364676;default;configurable;accessories;accessories;accessories;accessories;accessories;shop/christmas lighting/string lighting;accessories; 36467601.jpg; 36467601.jpg; 36467601.jpg
829_1000_3020_1;124059;ed_color,ed_size;124059;default;configurable;bal;bal;bal;bal;bal;shop/pottery & glassware/glassware;bal; 12405901.jpg; 12405901.jpg; 12405901.jpg
829_1600_3220_1;372247;ed_color,ed_size;372247;default;configurable;bal;bal;bal;bal;bal;shop/christmas lighting/decorations lighting;bal; 37224701.jpg; 37224701.jpg; 37224701.jpg
837_1600_3220_1; 1012738, 372515;ed_color,ed_size; 1012738, 372515;default;configurable;bessen boom;bessen boom;bessen boom;bessen boom;bessen boom;shop/christmas lighting/decorations lighting;bessen boom; 101273801.jpg; 101273801.jpg; 101273801.jpg
86_1600_3220_1; 106837, 106830;ed_color,ed_size; 106837, 106830;default;configurable;NULL;NULL;NULL;NULL;NULL;shop/christmas lighting/decorations lighting;NULL; 10683701.jpg; 10683701.jpg; 10683701.jpg
864_1600_3240_1; 371622, 372211, 472302;ed_color,ed_size; 371622, 372211, 472302;default;configurable;display snake light;display snake light;display snake light;display snake light;display snake light;shop/christmas lighting/string lighting;display snake light; 37162201.jpg; 37162201.jpg; 37162201.jpg
886_1600_3220_1;1012691;ed_color,ed_size;1012691;default;configurable;curtain;curtain;curtain;curtain;curtain;shop/christmas lighting/decorations lighting;curtain; 101269101.jpg; 101269101.jpg; 101269101.jpg
886_1600_3240_1;1012693;ed_color,ed_size;1012693;default;configurable;curtain;curtain;curtain;curtain;curtain;shop/christmas lighting/string lighting;curtain; 101269301.jpg; 101269301.jpg; 101269301.jpg
897_1600_3220_1;1012683;ed_color,ed_size;1012683;default;configurable;icicle;icicle;icicle;icicle;icicle;shop/christmas lighting/decorations lighting;icicle; 101268301.jpg; 101268301.jpg; 101268301.jpg
897_1600_3240_1; 1012682, 1012687, 1012686;ed_color,ed_size; 1012682, 1012687, 1012686;default;configurable;icicle;icicle;icicle;icicle;icicle;shop/christmas lighting/string lighting;icicle; 101268201.jpg; 101268201.jpg; 101268201.jpg
907_1600_3220_1;1034951;ed_color,ed_size;1034951;default;configurable;church;church;church;church;church;shop/christmas lighting/decorations lighting;church; 103495101.jpg; 103495101.jpg; 103495101.jpg
927_1600_3240_1; 1034303, 1034304, 1034305;ed_color,ed_size; 1034303, 1034304, 1034305;default;configurable;net;net;net;net;net;shop/christmas lighting/string lighting;net; 103430301.jpg; 103430301.jpg; 103430301.jpg
928_1300_3140_1; 1044509, 1044511, 1044507;ed_color,ed_size; 1044509, 1044511, 1044507;default;configurable;party lights;party lights;party lights;party lights;party lights;shop/spring & outdoor decoration/outdoor decorations;party lights; 104450901.jpg; 104450901.jpg; 104450901.jpg
928_1300_3140_2; 1044510, 1044508;ed_color,ed_size; 1044510, 1044508;default;configurable;party lights;party lights;party lights;party lights;party lights;shop/spring & outdoor decoration/outdoor decorations;party lights; 104451001.jpg; 104451001.jpg; 104451001.jpg
93_1100_3050_1; 1033208, 1033207;ed_color,ed_size; 1033208, 1033207;default;configurable;home deco;home deco;home deco;home deco;home deco;shop/home accessories/small furniture;home deco; 103320801.jpg; 103320801.jpg; 103320801.jpg
93_1600_3220_1;372431;ed_color,ed_size;372431;default;configurable;home deco;home deco;home deco;home deco;home deco;shop/christmas lighting/decorations lighting;home deco; 37243101.jpg; 37243101.jpg; 37243101.jpg
946_1600_3240_1; 1012696, 1012699, 1012695, 372190, 1012704, 1021511, 1012705, 1012957;ed_color,ed_size; 1012696, 1012699, 1012695, 372190, 1012704, 1021511, 1012705, 1012957;default;configurable;snake light;snake light;snake light;snake light;snake light;shop/christmas lighting/string lighting;snake light; 101269601.jpg; 101269601.jpg; 101269601.jpg
946_1600_3240_2;1022216;ed_color,ed_size;1022216;default;configurable;snake light;snake light;snake light;snake light;snake light;shop/christmas lighting/string lighting;snake light; 102221601.jpg; 102221601.jpg; 102221601.jpg
952_1600_3240_1;1034457;ed_color,ed_size;1034457;default;configurable;string;string;string;string;string;shop/christmas lighting/string lighting;string; 103445701.jpg; 103445701.jpg; 103445701.jpg
980_1600_3220_1; 1012845, 1012843;ed_color,ed_size; 1012845, 1012843;default;configurable;bundle;bundle;bundle;bundle;bundle;shop/christmas lighting/decorations lighting;bundle; 101284501.jpg; 101284501.jpg; 101284501.jpg
980_1600_3240_1; 1034127, 372537, 372538;ed_color,ed_size; 1034127, 372537, 372538;default;configurable;bundle;bundle;bundle;bundle;bundle;shop/christmas lighting/string lighting;bundle; 103412701.jpg; 103412701.jpg; 103412701.jpg
980_1600_3240_2;1034130;ed_color,ed_size;1034130;default;configurable;bundle;bundle;bundle;bundle;bundle;shop/christmas lighting/string lighting;bundle; 103413001.jpg; 103413001.jpg; 103413001.jpg
982_1600_3220_1; 1012842, 372428;ed_color,ed_size; 1012842, 372428;default;configurable;decorative string;decorative string;decorative string;decorative string;decorative string;shop/christmas lighting/decorations lighting;decorative string; 101284201.jpg; 101284201.jpg; 101284201.jpg
983_1600_3240_1;1012715;ed_color,ed_size;1012715;default;configurable;tree wire;tree wire;tree wire;tree wire;tree wire;shop/christmas lighting/string lighting;tree wire; 101271501.jpg; 101271501.jpg; 101271501.jpg
992_1400_3190_1; 1033190, 1033186, 1033185;ed_color,ed_size; 1033190, 1033186, 1033185;default;configurable;star;star;star;star;star;shop/christmas decoration/christmas accessories;star; 103319001.jpg; 103319001.jpg; 103319001.jpg
992_1600_3220_1; 1012924, 1034112, 1034114, 1012634, 1034121, 1034115, 1034116;ed_color,ed_size; 1012924, 1034112, 1034114, 1012634, 1034121, 1034115, 1034116;default;configurable;star;star;star;star;star;shop/christmas lighting/decorations lighting;star; 101292401.jpg; 101292401.jpg; 101292401.jpg
992_1600_3220_2;1012925;ed_color,ed_size;1012925;default;configurable;star;star;star;star;star;shop/christmas lighting/decorations lighting;star; 101292501.jpg; 101292501.jpg; 101292501.jpg
